seed,naive_directional_error,robust_directional_error
7,0.7959183673469388,0.42857142857142855
17,0.8775510204081632,0.40816326530612246
29,0.8775510204081632,0.42857142857142855
53,0.8571428571428571,0.5306122448979592
89,0.8163265306122449,0.3877551020408163
