model,brier,log_loss
fused_best,0.1667131181663359,0.4899739418691247
pooled_l1,0.16693005767150992,0.4940498180503111
ablation_noisy_unfiltered,0.16693005767150995,0.49404981805031134
eta0_boundary,0.1667131181663359,0.4899739418691247
shuffled_time_labels,0.3130245456633068,0.8962996247712238
