regime,mean_overlap,std_overlap,count,se_overlap
0,0.7604895104895105,0.7927791607945666,1144,0.023439007252982466
1,0.771978021978022,0.7624448876252815,1092,0.023072631906669576
2,0.8311594202898551,0.8068147673648219,1380,0.021718723453124457
